Abbotsford, BC
Aberdeen, TX
Abilene, TX
Abilene, TX
Addison, IL
Airdrie, AB
Akron, OH
Akron, OH
Alameda, CA
Albany, GA
Albany, NY
Albany, NY
Albany, OR
Albion, MI
Albuquerque, NM
Albuquerque, NM
Alexandria, LA
Alexandria, VA
Alhambra, CA
Aliso Viejo, CA
Allen, TX
Allentown, PA
Allentown, PA
Alpharetta, GA
Altamonte Springs, FL
Altoona, PA
Altoona, PA
Amarillo, TX
Amarillo, TX
Ames, IA
Amsterdam, NE
Anaheim, CA
Anaheim, CA
Anchorage, AK
Anchorage, AK
Anderson, IN
Andover, MN
Ankeny, IA
Ann Arbor, MI
Ann Arbor, MI
Annapolis, MD
Annapolis, MD
Antietam, MD
Antioch, CA
Apache Junction, AZ
Apex, NC
Apopka, FL
Apple Valley, CA
Apple Valley, MN
Appleton, WI
Appleton, WI
Arcadia, CA
Arlington Heights, IL
Arlington, TX
Arlington, TX
Arvada, CO
Asbestos, ON
Asheville, NC
Asheville, NC
Ashland, WI
Athens, GA
Athens-Clarke County, GA
Atlanta, GA
Atlanta, GA
Atlantic City, NJ
Attleboro, MA
Auburn, AL
Auburn, LA
Auburn, WA
Auguscalientes, MEX
Augusta, GA
Augusta, MA
Augusta-Richmond County, GA
Augustana, MO
Aurora, CO
Aurora, IL
Austin, TX
Austin, TX
Austin, TX
Aventura, FL
Avondale, AZ
Azusa, CA
Baia, BRA
Bakersfield, CA
Baldwin Park, CA
Baltimore, MD
Baltimore, MD
Baraga, MI
Barbourville, KY
Barcelona, ESP
Barnstable Town, MA
Barrie, ON
Barstow, CA
Bartlett, IL
Bartlett, TN
Baton Rogue, LA
Baton Rouge, LA
Battle Creek, MI
Battle Creek, MI
Battle Creek, MN
Bayonne, NJ
Baytown, TX
Beaumont, CA
Beaumont, TX
Beavercreek, OH
Beaverton, OR
Beckley, WV
Bedford, TX
Bell Gardens, CA
Belleville, IL
Belleville, ON
Belleville, ON
Bellevue, NE
Bellevue, WA
Bellflower, CA
Bellingham, WA
Belmar, NJ
Belmont, MS
Beloeil, QB
Beloit, WI
Beloit, WI
Bemidji, MN
Bend, OR
Bennington, NY
Bentonville, AR
Berkeley, CA
Berlin, DEU
Berwyn, IL
Bethesda, MD
Bethlehem, PA
Beverly, MA
Big Lake, TX
Big Springs, NE
Billings, MT
Biloxi, MS
Biloxi, MS
Binghampton, NY
Binghamton, NY
Birmingham, AL
Birmingham, AL
Bismarck, ND
Bismark, ND
Blacksburg, VA
Blacksburg, VA
Blaine, MN
Blaine, WA
Bloomington, IL
Bloomington, IN
Bloomington, MN
Blue Springs, MO
Boca Raton, FL
Boise City, ID
Boise, ID
Bolingbrook, IL
Bolton, ON
Bonita Springs, FL
Boonville, MO
Bossier City, LA
Boston, MA
Boston, MA
Boulder, CO
Boulder, CO
Boulder, CO
Bountiful, UT
Bowie, MD
Bowie, MD
Bowling Green, KY
Bowling Green, OH
Bowmanville, ON
Boynton Beach, FL
Bozeman, MT
Bradenton, FL
Bradenton, FL
Bradford, ON
Brainerd, MN
Brandon, MB
Brantford, ON
Brea, CA
Bremerton, WA
Brentwood, CA
Brentwood, TN
Bridgeport, CT
Bridgetown, BAR
Bridgewater, NJ
Bristol, CT
Brockton, MA
Broken Arrow, OK
Brookfield, WI
Brookhaven, GA
Brooklyn Park, MN
Brooklyn, NY
Brooklyn, NY
Brooklyn, NY
Broomfield, CO
Brownsville, TX
Brussels, BEL
Bryan, TX
Buckeye, AZ
Buckley, MI
Buena Park, CA
Buffalo Grove, IL
Buffalo, NY
Buffalo, NY
Buffalo, NY
Buise Creek, NC
Bullhead City, AZ
Burbank, CA
Burien, WA
Burleson, TX
Burlington, NC
Burlington, VT
Burlington, VT
Burnsville, MN
Busan, SKO
Caldwell, ID
Calexico, CA
Calgary, AB
Calgary, AB
Calumet City, IL
Calumet, MI
Camarillo, CA
Cambridge, MA
Cambridge, MA
Camden, NJ
Campbell River, BC
Campbell, CA
Canton, NY
Canton, OH
Cape Breton, NS
Cape Canaveral, FL
Cape Coral, FL
Cape Giradeau, MO
Cape Girardeau, MO
Caracas, VZ
Carlsbad, CA
Carlsbad, NM
Carmel, IN
Carmel, IN
Carol Stream, IL
Carpentersville, IL
Carrollton, TX
Carson City, NV
Carson City, NV
Carson, CA
Carthage, MO
Cary, NC
Casa Grande, AZ
Casper, WY
Castle Rock, CO
Cathedral City, CA
Cedar Falls, IA
Cedar Falls, IA
Cedar Hill, TX
Cedar Park, TX
Cedar Rapids, IA
Cedar Rapids, IA
Celina, OR
Centennial, CO
Ceres, CA
Cerritos, CA
Champagne, IL
Champaign, IL
Chandler, AZ
Changwon, SKO
Chantilly, VA
Chapel Hill, NC
Chapel Hill, NC
Chaplan, MO
Charelston, SC
Charleston, SC
Charleston, VA
Charleston, WV
Charlotte Amalie, VI
Charlotte, NC
Charlotte, NC
Charlotte, VA
Charlottesville, SC
Charlottesville, VA
Charlottesville, VA
Charlottetown, PE
Chassel, MI
Chatham, ON
Chattanooga, TN
Chattanooga, TN
Chelsea, MA
Chesapeake, VA
Chesapeake, VA
Chesterfield, MO
Cheyenne, WY
Cheyenne, WY
Chiba Lotte, JPN
Chicago, IL
Chicago, IL
Chico, CA
Chicopee, MA
Chicoutimi, QB
Chilliwack, BC
Chillum, MD
Chino Hills, CA
Chino, CA
Chippewa Falls, WI
Chula Vista, CA
Chunichi, JPN
Châteauguay, QB
Cicero, IL
Cincinnati, OH
Cinncinati, OH
Citrus Heights, CA
Clarksville, TN
Clearwater, FL
Clearwater, FL
Cleveland Heights, OH
Cleveland, OH
Cleveland, OH
Cleveland, TN
Clifton, NJ
Climax, MI
Clovis, CA
Clovis, NM
Coachella, CA
Cochrane, AB
Coconut Creek, FL
Coeur d'Alene, ID
College Park, MD
College Station, TX
College Station, TX
Collierville, TN
Cologne, DEU
Colorado Springs, CO
Colorado Springs, CO
Colton, CA
Columbia, MO
Columbia, SC
Columbia, SC
Columbus, GA
Columbus, IN
Columbus, OH
Columbus, OH
Commerce City, CO
Compton, CA
Concord, CA
Concord, MA
Concord, NC
Concord, NH
Concord, NH
Conroe, TX
Conway, AR
Conway, SC
Coon Rapids, MN
Cooperstown, NY
Coppell, TX
Coral Gables, FL
Coral Springs, FL
Corinth, MS
Cornwall, ON
Corona, CA
Corpus Christi, TX
Corpus Christi, TX
Corvallis, OR
Corvallis, OR
Costa Mesa, CA
Council Bluffs, IA
Courtenay, BC
Cove Fort, UT
Covina, CA
Covington, KY
Cranston, RI
Crystal Lake, IL
Culver City, CA
Cumberland, Georgia
Cummings, MI
Cupertino, CA
Cutler Bay, FL
Cuyahoga Falls, OH
Cypress, CA
Daegu, SKO
Daejeon, SKO
Dallas, TX
Dallas, TX
Daly City, CA
Danbury, CT
Danville, CA
Danville, VA
Davenport, IA
Davenport, IA
Davidson, VA
Davie, FL
Davis, CA
Dayton, OH
Dayton, OH
Daytona Beach, FL
Daytona Beach, FL
Dearborn Heights, MI
Dearborn, MI
Decatur, AL
Decatur, IL
Deerborn, MI
Deerfield Beach, FL
DeKalb, IL
Delano, CA
Delmarva, MD
Delray Beach, FL
Deltona, FL
Denton, TX
Denver, CO
Denver, CO
Des Moines, IA
Des Moise, IA
Des Plaines, IL
DeSoto, TX
Detroit, MI
Detroit, MI
Diamond Bar, CA
Doral, FL
Dothan, AL
Dover, DE
Dover, DE
Downers Grove, IL
Downey, CA
Dranesville, VA
Draper, UT
Dresden, ON
Drummondville, QB
Dublin, CA
Dublin, OH
Dubque, IA
Dubuque, IA
Duluth, MN
Duluth, MN
Duncanville, TX
Dunedin, FL
Dunwoody, GA
Durango, CO
Durham, NC
Durham, NC
Durham, NH
Dyersville, IA
Eagan, MN
Eagleton, IN
East Lake, OH
East Lansing, MI
East Orange, NJ
East Providence, RI
Eastvale, CA
Eau Claire, WI
Eau Claire, WI
Eden Prairie, MN
Edina, MN
Edinburg, TX
Edmond, OK
Edmonds, WA
Edmonton, AB
Edmonton, AB
El Cajon, CA
El Centro, CA
El Monte, CA
El Paso, TX
El Paso, TX
Elgin, IL
Elizabeth, NJ
Elk Grove, CA
Elkhart, IN
Elmhurst Beach, ON
Elmhurst, IL
Elyria, OH
Encinitas, CA
Enid, OK
Erie, PA
Erie, PA
Escanaba, MI
Escondido, CA
Essex, MA
Euclid, OH
Eugene, OR
Euless, TX
Evanston, IL
Evansville, IN
Everett, MA
Everett, WA
Everett, WA
Fairbanks, AK
Fairfield, CA
Fairfield, CT
Fairfield, OH
Fairport, NY
Fall River, MA
Falmouth, MA
Fargo, ND
Fargo, ND
Farmington Hills, MI
Farmington, NM
Fayetteville, AR
Fayetteville, AR
Fayetteville, NC
Fayetteville, NC
Federal Way, WA
Findlay, OH
Fishers, IN
Fitchburg, MA
Flagstaff, AZ
Flagstaff, AZ
Flint, MI
Flint, MI
Florence, AL
Florence, SC
Florence, SC
Florissant, MO
Flower Mound, TX
Folsom, CA
Fond du Lac, WI
Fontana, CA
Fort Collins, CO
Fort Donelson, TN
Fort Henry, TN
Fort Knox, KY
Fort Lauderdale, FL
Fort Lauderdale, FL
Fort Macon, NC
Fort McMurray, AB
Fort Myers, FL
Fort Myers, FL
Fort Pierce, FL
Fort Pulaski, GA
Fort SK, AB
Fort Smith, AR
Fort Ticonderoga, NY
Fort Wayne, IN
Fort Wayne, IN
Fort Worth, TX
Fort Worth, TX
Fort Worth, TX
Fountain Valley, CA
Frankfurt, KY
Franklin, TN
Frederick, MD
Fredericksburg, VA
Fredericktown, MO
Fredericton, NB
Fredricksburg, VA
Freeport, NY
Freestone Point, VA
Fremont, CA
Fresno, CA
Fresno, CA
Friendswood, TX
Frisco, TX
Frisco, TX
Fukuoka, JPN
Fullerton, CA
Gainesville, FL
Gaithersburg, MD
Galena, IL
Galveston, TX
Garden Grove, CA
Gardena, CA
Garland, TX
Garland, TX
Gary, IN
Gary, IN
Gastonia, NC
Gatineau, QB
Georgetown, ON
Georgetown, TX
Germantown, PA
Germantown, TN
Gettysburg, PA
Gilbert, AZ
Gilroy, CA
Glendale, AZ
Glendale, CA
Glendale, CA
Glendora, CA
Glenview, IL
Glorieta Pass, NM
Gloucester, MA
Goodyear, AZ
Goose Creek, SC
Granby, QB
Grand Forks, ND
Grand Forks, ND
Grand Haven, MI
Grand Island, NE
Grand Junction, CO
Grand Marais, MN
Grand Prairie, TX
Grand Rapids, MI
Grand Rapids, MI
Grande Prairie, AB
Grapevine, TX
Great Falls, MT
Greeley, CO
Green Bay, WI
Green Bay, WI
Greenacres, FL
Greenfield Village, MI
Greenfield, WI
Greensboro, NC
Greensboro, SC
Greenville, NC
Greenville, SC
Greenville, SC
Greenwood, IN
Gresham, OR
Grove City, OH
Guadalajara, MEX
Guelph, ON
Gulfport, MS
Gwangju, SKO
Gwinnett, GA
Hackensack, NJ
Hagerstown, MD
Hainesville, VA
Halifax, NS
Hallandale Beach, FL
Haltom City, TX
Hamburg, DEU
Hamden, CT
Hamilton, NY
Hamilton, OH
Hamilton, ON
Hamilton, ON
Hammond, IN
Hampton, VA
Hancock, MD
Hancock, MI
Hanford, CA
Hanover Park, IL
Hanover, NH
Hanshin, JPN
Happy Valley, PA
Harlem, NY
Harlem, NY
Harlem, NY
Harlem, NY
Harlingen, TX
Harpers Ferry, WV
Harrisburg, PA
Harrisburg, PA
Harrisonburg, VA
Hartford, CT
Hartford, CT
Hartsville, TN
Hatteras Inlet, NC
Hattiesburg, MS
Hattiesburg, MS
Havanna, CB
Haverhill, MA
Hawthorne, CA
Hayward, CA
Helena, MT
Hell, MI
Hemet, CA
Hempstead, NY
Henderson, NV
Hendersonville, TN
Hermitage Bay, NF
Hesperia, CA
Hialeah, FA
Hialeah, FL
Hickory, NC
Hickory, NC
High Point, NC
Highland, CA
Hillsboro, OR
Hillsboro, OR
Hillsdale, IN
Hilton Head Island, SC
Hiroshima, JPN
Hoboken, NJ
Hoffman Estates, IL
Hollywood, CA
Hollywood, FL
Holyoke, MA
Homestead, FL
Honolulu, HI
Honolulu, HI
Hoover, AL
Houghton, MI
Houlton, ME
Houston, TX
Houston, TX
Huber Heights, OH
Hudson, WI
Huntersville, NC
Huntington Beach, CA
Huntington Park, CA
Huntington, VA
Huntsville, AL
Huntsville, AL
Huntsville, TX
Hurst, TX
Hutchinson, KS
Idaho Falls, ID
Incheon, SKO
Independence, MO
Indianapolis, IN
Indianapolis, IN
Indio, CA
Inglewood, CA
Inkster, MI
Innisfil, ON
Iowa City, IA
Ipanema, BRA
Irvine, CA
Irving, TX
Ithaca, NY
Jackson, MS
Jackson, MS
Jackson, TN
Jacksonville, FL
Jacksonville, FL
Jacksonville, NC
Janesville, WI
Jefferson City, MO
Jefferson City, MO
Jeffersonville, IN
Jersey City, NJ
Johns Creek, GA
Johnson City, TN
Joliet, IL
Joliet, IL
Joliet, IL
Joliette, QB
Jonesboro, AR
Jonquière, QB
Joplin, MO
Juarez, MEX
Juneau, AK
Jupiter, FL
Jurupa Valley, CA
Kalamazoo, MI
Kalamazoo, MI
Kamloops, BC
Kanata, ON
Kannapolis, NC
Kannapolis, NC
Kansas City, KS
Kansas City, KS
Kansas City, MO
Kansas City, MO
Kearny, NJ
Keizer, OR
Keller, TX
Kelowna, BC
Kenner, LA
Kennewick, WA
Kenosha, WI
Kent, TX
Kent, WA
Kentwood, MI
Kentwood, MI
Kernstown, VA
Keswick, ON
Kettering, OH
Killeen, TX
Kingsport, TN
Kingston, ON
Kingston, ON
Kinston, NC
Kirkland, WA
Kissimmee, FL
Kitchener, ON
Klamath Falls, OR
Knoxville, TN
Knoxville, TN
Knoxville, TN
Kodak, TN
Kodiak, AL
Kokomo, IN
L\'Anse, MI
La Crosse, WI
La Habra, CA
La Mesa, CA
La Mirada, CA
La Puente, CA
La Quinta, CA
Lacey, WA
Lafayette, IN
Lafayette, IN
Lafayette, LA
Laguna Niguel, CA
Lake Charles, LA
Lake Charles, LA
Lake Elsinore, CA
Lake Elsinore, CA
Lake Forest, CA
Lake Havasu City, AZ
Lake Oswego, OR
Lake Winnebago, WI
Lakeland, FL
Lakeland, MI
Lakeland, MN
Lakeville, MN
Lakewood, CA
Lakewood, CO
Lakewood, NJ
Lakewood, OH
Lakewood, WA
Lancaster, CA
Lancaster, OH
Lancaster, PA
Lancaster, PA
Lancaster, TX
Lansing, MI
Lansing, MI
Laplace, LA
Laredo, TX
Laredo, TX
Largo, FL
Las Cruces, NM
Las Cruces, NM
Las Vegas, NV
Las Vegas, NV
Lauderhill, FL
Lawrence, IN
Lawrence, KS
Lawrence, MA
Lawton, OK
Layton, UT
League City, TX
Leamington, ON
Leduc, AB
Lee's Summit, MO
Leesburg, VA
Lehi, UT
Lenexa, KS
Leominster, MA
Lethbridge, AB
Letterkenny, ON
Lewisville, TX
Lexington, MA
Lexington, MA
Lexington-Fayette, KY
Lima, OH
Lincoln Park, MI
Lincoln, CA
Lincoln, NE
Lincoln, NE
Linden, NJ
Lindstrom, MN
Little Rock, AR
Little Rock, AR
Littleton, CO
Livermore, CA
Liverpool, ENG
Livonia, MI
Livonia, MI
Lloydminster, AB
Lloydminster, SK
Lodi, CA
Logan, UT
Lombard, IL
Lompoc, CA
London, ENG
London, ON
Long Beach, CA
Longmont, CO
Longview, TX
Lorain, OH
Los Angeles, CA
Louisville, KY
Louisville, KY
Loveland, CO
Lowell, MA
Lubbock, TX
Lubbock, TX
Lutsen, MN
Lynchburg, VA
Lynchburg, VA
Lynn, MA
Lynwood, CA
Mackinac, MI
Macon, GA
Madera, CA
Madison, AL
Madison, WI
Madison, WI
Madrid, ESP
Malden, MA
Manassas, VA
Manchester, ENG
Manchester, NH
Manchester, NH
Manhattan, KS
Manhattan, NY
Manhattan, NY
Manhatten, NY
Manistique, MI
Mankato, MN
Mankato, MN
Mansfield, CT
Mansfield, OH
Mansfield, TX
Manteca, CA
Maple Grove, MN
Maplewood, MN
Marana, AZ
Margate, FL
Maricopa, AZ
Marietta, GA
Marlborough, MA
Marquette, MI
Marseille, FRA
Marshall, WI
Marshfield, WI
Martinez, CA
Marysville, WA
McAllen, TX
McKinney, TX
Medford, MA
Medford, OR
Medicine Hat, AB
Melbourne, FL
Memphis, TN
Memphis, TN
Menifee, CA
Mentor, OH
Merced, CA
Meriden, CT
Meridian, ID
Meridian, MS
Mesa, AZ
Mesquite, TX
Methuen, MA
Mexicali, MEX
Mexico City, MEX
Miami Beach, FL
Miami Gardens, FL
Miami, FL
Miami, FL
Miami, OH
Middletown, CT
Middletown, OH
Midland, MI
Midland, MI
Midland, ON
Midland, TX
Midland, TX
Midwest City, OK
Milan, IT
Milan, ITY
Milford, CT
Mill Springs, KY
Milpitas, CA
Milton, ON
Milwaukee, WI
Milwaukee, WI
Minneapolis, MN
Minneapolis, MN
Minnetonka, MN
Minot, ND
Miramar, FL
Mishawaka, IN
Mission Viejo, CA
Mission, BC
Mission, TX
Missoula, MT
Missouri City, TX
Mobile, AL
Mobile, AL
Modesto, CA
Modesto, CA
Moline, IL
Moncton, NB
Monmouth, NJ
Monroe, LA
Monrovia, CA
Montclair, CA
Montebello, CA
Monterey Park, CA
Montgomery, AL
Montgomery, AL
Montreal, QB
Montreal, QU
Moore, OK
Moorhead, MN
Moose Jaw, SK
Moreno Valley, CA
Morgan Hill, CA
Moscow, RUS
Mount Pleasant, SC
Mount Prospect, IL
Mount Vernon, NY
Mountain View, CA
Mules, MO
Muncie, IN
Muncie, IN
Munfordville, KY
Munich, DEU
Murfreesboro, TN
Murray, UT
Murrieta, CA
Muskegon, MI
Muskogee, OK
Mussel Shoals, AL
Myrtle Beach, SC
Nampa, ID
Nanaimo, BC
Nantucket, RI
Napa, CA
Naperville, IL
Naples, ITY
Napoli, ITY
Nashua, NH
Nashville, TN
Nashville-Davidson, TN
National City, CA
New Bedford, MA
New Berlin, WI
New Berlin, WI
New Bern, NC
New Braunfels, TX
New Britain, CT
New Britain, CT
New Brunswick, NJ
New Brunswick, NJ
New Haven, CT
New Haven, CT
New Madrid, MO
New Orleans, LA
New Orleans, NO
New Rochelle, NY
New Ulm, MN
Newark, CA
Newark, NJ
Newark, OH
Newcastle, ON
Newport Beach, CA
Newport News, VA
Newport, VA
Newton, MA
Niagara Falls, NY
Niagara Falls, NY
Niagara Falls, ON
Noblesville, IN
Norfolk, VA
Norfolk, VA
Normal, IL
Norman, OK
North Andover, MA
North Bay, ON
North Charleston, SC
North Las Vegas, NV
North Lauderdale, FL
North Little Rock, AR
North Miami Beach, FL
North Miami, FL
North Port, FL
North Richland Hills, TX
Northglenn, CO
Norwalk, CA
Norwalk, CT
Norwich, CT
Nottingham, ENG
Novato, CA
Novi, MI
Novi, MI
O'Fallon, MO
Oak Hills, MO
Oak Lawn, IL
Oak Park, IL
Oakland Park, FL
Oakland, CA
Oakley, CA
Ocala, FL
Oceanside, CA
Ocoee, FL
Odessa, TX
Ogden, UT
Oklahoma City, OK
Oklahoma City, OK
Okotoks, AB
Olathe, KS
Olympia, WA
Omaha, NE
Omaha, NE
Ontanogan, MI
Ontario, CA
Oorai, JPN
Orange, CA
Orangeville, ON
Orem, UT
Orillia, ON
Orland Park, IL
Orlando, FL
Orlando, FL
Orleans, FR
Ormond Beach, FL
Oro Valley, AZ
Orono, ME
Osaka, JPN
Oshawa, ON
Oshkosh, WI
Ottawa, ON
Overland Park, KS
Owatonna, MN
Owensboro, KY
Oxnard, CA
Pacifica, CA
Paducah, KY
Palatine, IL
Palm Bay, FL
Palm Beach Gardens, FL
Palm Beach, FL
Palm Coast, FL
Palm Desert, CA
Palm Springs, CA
Palmdale, CA
Palo Alto, CA
Panama City, FL
Paramount, CA
Paris, FR
Park Ridge, IL
Parker, CO
Parksville, BC
Parma, OH
Pasadena, CA
Pasadena, TX
Pasco, WA
Pasco, WA
Passaic, NJ
Paterson, NJ
Pawnee, IN
Pawtucket, RI
Peabody, MA
Peach Springs, AZ
Peachtree Corners, GA
Pearl, MS
Pearland, TX
Pelham, ON
Pembina, ND
Pembroke Pines, FL
Pensacola, FL
Pensacola, FL
Penticton, BC
Peoria, AZ
Peoria, IL
Peoria, IL
Perris, CA
Perth Amboy, NJ
Petaluma, CA
Peterborough, ON
Petersburg, WV
Pflugerville, TX
Pharr, TX
Phenix City, AL
Pheonix, AZ
Philadelphia, PA
Philippi, WV
Phoenix, AZ
Picky, MI
Pico Rivera, CA
Pierre, SD
Pine Bluff, AR
Pinellas Park, FL
Pittsburg, CA
Pittsburgh, PA
Pittsfield, MA
Placentia, CA
Plainfield, IL
Plainfield, NJ
Plano, TX
Plano, TX
Plantation, FL
Pleasanton, CA
Plymouth, AK
Plymouth, AL
Plymouth, AR
Plymouth, AZ
Plymouth, CA
Plymouth, CO
Plymouth, CT
Plymouth, DE
Plymouth, FL
Plymouth, GA
Plymouth, HI
Plymouth, IA
Plymouth, ID
Plymouth, IL
Plymouth, IN
Plymouth, KS
Plymouth, KY
Plymouth, LA
Plymouth, MA
Plymouth, MD
Plymouth, ME
Plymouth, MI
Plymouth, MN
Plymouth, MN
Plymouth, MO
Plymouth, MS
Plymouth, MT
Plymouth, NC
Plymouth, ND
Plymouth, NE
Plymouth, NH
Plymouth, NJ
Plymouth, NM
Plymouth, NV
Plymouth, NY
Plymouth, OH
Plymouth, OK
Plymouth, OR
Plymouth, PA
Plymouth, RI
Plymouth, SC
Plymouth, SD
Plymouth, TN
Plymouth, TX
Plymouth, UT
Plymouth, VT
Plymouth, WI
Plymouth, WV
Plymouth, WY
Pocatello, ID
Pomona, CA
Pompano Beach, FL
Pontiac, MI
Pontiac, MI
Port Arthur, TX
Port Clinton, OH
Port Orange, FL
Port St. Lucie, FL
Port-Au-Prince, HT
Portage, MI
Portage, MI
Porterville, CA
Portland, ME
Portland, OR
Portland, OR
Portsmouth, VA
Potsdam, NY
Poway, CA
Prescott Valley, AZ
Prescott, AZ
Prince Albert, SK
Prince George, BC
Princeton, NJ
Promontory, UT
Providence, RI
Providence, RI
Provo, UT
Pueblo, CO
Puerto Plata, DR
Puyallup, WA
QB City, QB
Qubec City, QU
Queens, NY
Queens, NY
Queens, NY
Quincy, IL
Quincy, MA
Racine, WI
Raleigh, NC
Raleigh, NC
Rancho Cordova, CA
Rancho Cucamonga, CA
Rancho Cucamonga, CA
Rancho Palos Verdes, CA
Rancho Santa Margarita, CA
Rapid City, SD
Rapid City, SD
Reading, PA
Reading, PA
Red Deer, AB
Redding, CA
Redford, MI
Redlands, CA
Redmond, WA
Redondo Beach, CA
Redwood City, CA
Regina, SK
Regina, SK
Reims, FR
Reno, NV
Reno, NV
Renton, WA
Revere, MA
Rhinelander, WI
Rialto, CA
Richardson, TX
Richland, WA
Richlands, NC
Richmond, CA
Richmond, VA
Richmond, VA
Rimouski, QB
Rio Rancho, NM
Riverside, CA
Riverton, UT
Roanoke, TX
Roanoke, VA
Roanoke, VA
Roanoke, VA
Rochester Hills, MI
Rochester, MN
Rochester, NY
Rochester, NY
Rochester, NY
Rock Hill, SC
Rock Island, IL
Rockford, IL
Rockford, IL
Rocklin, CA
Rockville, MD
Rockwall, TX
Rocky Mount, NC
Rogers, AR
Rohnert Park, CA
Roma, IT
Rome, GA
Rome, ITY
Romeoville, IL
Rosemead, CA
Roseville, CA
Roseville, MI
Roswell, GA
Roswell, NM
Roswell, NM
Round Rock, TX
Round Rock, TX
Rowlett's Station, KY
Rowlett, TX
Roy, UT
Royal Oak, MI
Ruston, LA
Sacramento, CA
Sacremento, CA
Saginaw, MI
Saint John, NB
Saint-Georges, QB
Saint-Hyacinthe, QB
Saint-Jean-sur-Richelieu, QB
Saint-Jérôme, QB
Saitama, JPN
Salaberry-de-Valleyfield, QB
Salem, MA
Salem, MA
Salem, OR
Salem, OR
Salina, KS
Salinas, CA
Salisbury, MD
Salt Lake City, UT
Salt Lake City, UT
Sammamish, WA
San Angelo, TX
San Antonio, TX
San Antonio, TX
San Bernardino, CA
San Bernardino, CA
San Bruno, CA
San Buenaventura (Ventura), CA
San Clemente, CA
San Diego, CA
San Diego, CA
San Domingo, DR
San Francisco, CA
San Francisco, CA
San Gabriel, CA
San Jacinto, CA
San Jose, CA
San Jose, CA
San Leandro, CA
San Luis Obispo, CA
San Luis Potosi, MEX
San Marcos, CA
San Marcos, TX
San Marcos, TX
San Mateo, CA
San Rafael, CA
San Ramon, CA
Sandusky, OH
Sandy Springs, GA
Sandy, UT
Sanford, FL
Santa Ana, CA
Santa Barbara, CA
Santa Barbra, CA
Santa Clara, CA
Santa Clara, CA
Santa Clarita, CA
Santa Cruz, CA
Santa Fe, NM
Santa Fe, NM
Santa Maria, CA
Santa Monica, CA
Santa Monica, CA
Santa Rosa Island, FL
Santa Rosa, CA
Santee, CA
Sao Palo, BRA
Sapporo, JPN
Sarasota, FL
Sarnia, ON
Sarnia, ON
Saskatoon, SK
Saskatoon, SK
Sault Ste. Marie, MI
Sault Ste. Marie, ON
Sault Ste. Marie, ON
Savanah, GA
Savannah, GA
Sayreville, NJ
Schaumburg, IL
Schenectady, NY
Schenectady, NY
Scottsdale, AZ
Scranton, PA
Scranton, PA
Seattle, WA
Seattle, WA
Sebring, FA
Sendai, JPN
Seoul, SKO
Shakopee, MN
Shawinigan, QB
Shawnee, KS
Sheboygan, WI
Shelton, CT
Sherbrooke, NS
Sherbrooke, QB
Sherman, TX
Shilo, TN
Shiloh, TN
Shoreline, WA
Shreveport, LA
Sierra Vista, AZ
Silver City, NM
Simi Valley, CA
Sioux City, IA
Sioux City, SD
Sioux Falls, IA
Sioux Falls, SD
Skokie, IL
Smyrna, GA
Smyrna, TN
Somerville, MA
Sorel, QB
South Beach, CA
South Bend, IN
South Bend, IN
South Gate, CA
South Jordan, UT
South Mills, NC
South San Francisco, CA
Southaven, MS
Southfield, MI
Spanish Fork, UT
Sparks, NV
Spartanburg, SC
Spartanburg, SC
Spokane Valley, WA
Spokane, WA
Spokane, WA
Spokane, WA
Springdale, AR
Springdale, AR
Springfield, AK
Springfield, AL
Springfield, AR
Springfield, AZ
Springfield, CA
Springfield, CO
Springfield, CT
Springfield, DE
Springfield, FL
Springfield, GA
Springfield, HI
Springfield, IA
Springfield, ID
Springfield, IL
Springfield, IL
Springfield, IN
Springfield, KS
Springfield, KY
Springfield, LA
Springfield, MA
Springfield, MA
Springfield, MD
Springfield, ME
Springfield, MI
Springfield, MN
Springfield, MO
Springfield, MO
Springfield, MS
Springfield, MT
Springfield, NC
Springfield, ND
Springfield, NE
Springfield, NH
Springfield, NJ
Springfield, NM
Springfield, NV
Springfield, NY
Springfield, OH
Springfield, OH
Springfield, OK
Springfield, OR
Springfield, OR
Springfield, PA
Springfield, RI
Springfield, SC
Springfield, SD
Springfield, TN
Springfield, TX
Springfield, UT
Springfield, VT
Springfield, WI
Springfield, WV
Springfield, WY
Spruce Grove, AB
St. Catharines,ON
St. Charles, MO
St. Clair Shores, MI
St. Cloud, FL
St. Cloud, MN
St. George, UT
St. John's, NL
St. Joseph, MO
St. Louis Park, MN
St. Louis, MO
St. Paul, MN
St. Peters, MO
St. Petersburg, FL
St. Thomas, ON
St.Charles, AR
St.Clair, MI
St.Cloud, MN
St.Croix, MN
St.Louis, MO
St.Lucie, FL
St.Paul, MN
St.Petersburg, FL
St.Petersburg, RUS
St.Philip, LA
Stamford, CT
Stanton, CA
State College, PA
Staten Island, NY
Staten Island, NY
Staten Island, NY
Statesboro, GA
Sterling Heights, MI
Stillwater, MN
Stillwater, OK
Stillwater, OK
Stockton, CA
Stouffville, ON
Stratford, ON
Streamwood, IL
Strongsville, OH
Sudbury, ON
Suffolk, VA
Sugar Land, TX
Sugar Land, TX
Summerville, SC
Sumter, SC
Sunnyvale, CA
Sunrise, FL
Superior, WI
Surprise, AZ
Suwon, SKO
Sweet Grass, MT
Sydney, NS
Syracuse, NY
Syracuse, NY
Tacoma, WA
Tacoma, WA
Tacoma, WA
Tallahassee, FL
Tallahassee, FL
Talledega, AL
Tamarac, FL
Tampa, FL
Taos, NM
Tarpin Springs, FL
Taunton, MA
Taylor, MI
Taylorsville, UT
Teaneck, NJ
Temecula, CA
Tempe, AZ
Tempe, AZ
Temple, TX
Terre Haute, IN
Texarkana, TX
Texas City, TX
The Bronx, NY
The Bronx, NY
The Bronx, NY
The Colony, TX
Thief River Falls, MN
Thornton, CO
Thorp, WI
Thousand Oaks, CA
Thunder Bay, MI
Thunder Bay, ON
Tiajuana, MEX
Tigard, OR
Timmins, ON
Tinley Park, IL
Titusville, FL
Tokyo, JPN
Toledo, ESP
Toledo, OH
Toledo, OH
Toluca, MEX
Tombstone, AZ
Tombstone, AZ
Topeka, KA
Topeka, KS
Toronto, ON
Toronto, ON
Torrance, CA
Tracy, CA
Traverse City, MI
Trenton, NJ
Trenton, NJ
Trinidad, CO
Trois-Rivieres, QC
Trois-Rivières, QB
Troy, MI
Troy, NY
Troy, NY
Tucson, AZ
Tulare, CA
Tulsa, OK
Tulsa, OK
Turlock, CA
Tuscaloosa, AL
Tuscaloosa, MS
Tuscon, AZ
Tustin, CA
Twin Falls, ID
Tyler, TX
Union City, CA
Union City, NJ
Upland, CA
Urbana, IL
Urbandale, IA
Utica, MI
Utica, NY
Utica, NY
Vacaville, CA
Valdosta, GA
Vallejo, CA
Valley Stream, NY
Valverde, NM
Vancouver, BC
Vancouver, BC
Vancouver, WA
Venice, ITY
Vera Cruz, MEX
Vernon, BC
Vicksburg, MS
Victoria, BC
Victoria, TX
Victoriaville, QB
Victorville, CA
Vineland, NJ
Virginia Beach, VA
Visalia, CA
Visalia, CA
Vista, CA
Wabash, IN
Waco, TX
Wairton, ON
Wallawalla, WA
Walnut Creek, CA
Walnut Grove, MI
Waltham, MA
Waltham, MA
Warner Robins, GA
Warren, MI
Warren, MI
Warren, OH
Warsaw, PO
Warwick, RI
Washington, DC
Waterbury, CT
Waterloo, IA
Watsonville, CA
Waukegan, IL
Waukesha, WI
Wausau, WI
Wausau, WI
Wauwatosa, WI
Waxhaw, SC
Weed, CA
Welland, ON
Wellington, FL
Wentzville, MO
Weslaco, TX
West Allis, WI
West Bend, WI
West Covina, CA
West Des Moines, IA
West Haven, CT
West Jordan, UT
West NY, NJ
West Palm Beach, FL
West Point, NY
West Sacramento, CA
West Valley City, UT
Westerville, OH
Westfield, MA
Westland, MI
Westminster, CA
Westminster, CO
Weston, FL
Weymouth Town, MA
Wheaton, IL
Wheeling, IL
White Bear Lake, MN
White Plains, NY
White Rock, BC
Whittier, CA
Wichita Falls, TX
Wichita, KS
Wichita, KS
Wilkes-Barre, PA
Wilkes-Barre, PA
Willaimsburg, WV
Williamsburg, VA
Wilmington, DE
Wilmington, NC
Wilmington, NC
Wilmongton, DE
Wilson, NC
Winchester, VA
Windsor , ON
Windsor, ON
Windsor, ON
Winnipeg, MB
Winnipeg, MB
Winston-Salem, NC
Winston-Salem, VA
Winter Garden, FL
Wisconsin Dells, WI
Wisconsin Rapids, WI
Witchita, KS
Woburn, MA
Wolf Creek Pass, CO
Wood Lake, MN
Woodbury, MN
Woodland, CA
Woodstock, ON
Woonsocket, RI
Worcester, MA
Worchester, MA
Wylie, TX
Wyoming, MI
Yakima, WA
Yokohama, JPN
Yomiuri, JPN
Yonkers, NY
Yorba Linda, CA
York, PA
Yorktown, VA
Youngstown, OH
Yuba City, CA
Yucaipa, CA
Yuma, AZ
Zebulon, NC
